article header,article image
Python's property(): Add Managed Attributes to Your Classes,https://files.realpython.com/media/Pythons-property_Watermarked.b0ccfdca7a54.jpeg
Build an Asteroids Game With Python and Pygame,https://files.realpython.com/media/Project-based-Make-A-Simple-Asteroids-Clone-with-Pygame_Watermarked.36f4ec74e4ca.jpg
Representing Rational Numbers With Python Fractions,https://files.realpython.com/media/Working-With-Fractions-in-Python_Watermarked.0f6876a0e5b7.jpeg
Python's sum(): The Pythonic Way to Sum Values,https://files.realpython.com/media/Pythons-sum-with-Examples_Watermarked.7c31dab24d0e.jpeg
Python 3.10: Cool New Features for You to Try,https://files.realpython.com/media/Python-3.10-Cool-New-Features-for-You-to-Try_Watermarked.0e2e41a776c0.jpg
Python 3.10: Cool New Features for You to Try,https://files.realpython.com/media/Python-3.10-Cool-New-Features-for-You-to-Try_Watermarked.0e2e41a776c0.jpg
Hosting a Django Project on Heroku,https://files.realpython.com/media/Project-based-How-to-Host-Your-Django-Project-on-Heroku_Watermarked.76ec0c4a54c8.jpeg
"Make Your First Python Game: Rock, Paper, Scissors!",https://files.realpython.com/media/Rock-Paper-Scissors-Make-Your-First-Python-Game_Watermarked.56df1d972560.jpg
"Reverse Strings in Python: reversed(), Slicing, and More",https://files.realpython.com/media/Reverse-a-String-in-Python_Watermarked.12a880bd86ba.jpeg
The Django Template Language: Tags and Filters,https://files.realpython.com/media/Django-Templates-Tags-and-Filters_Watermarked.c04f50ff5534.jpeg
Pass by Reference in Python: Background and Best Practices,https://files.realpython.com/media/Pass-by-Reference-in-Python_Watermarked.15e180bf1d43.jpg
"Using the ""and"" Boolean Operator in Python",https://files.realpython.com/media/The-Python-and-Operator_Watermarked.dc3509449788.jpeg
Build a Personal Diary With Django and Python,https://files.realpython.com/media/Django-Project-Build-A-Diary-App_Watermarked.e2626223eb79.jpeg
