image,title,features,price,inStock
https://i.jessops.com/ce-images/product/product_enlarged/adjixdn015367513.jpg,DJI Mini 2 Drone,"Beginner friendly, powerful and lightweight drone,Super-portable - only weighs 249g,3-axis Gimbal with 4K camera,Up to 31 minutes flight time,Intelligent filight modes and Quickshot",£419.00,In stock.
https://i.jessops.com/ce-images/product/product_enlarged/adjixdn015371523.jpg,DJI Air 2S Fly More Combo,"20 MP 1-inch CMOS sensor,5.4K/30fps and 4K/60fps video,Includes 2 extra batteries and charging hub,Shoulder bag,ND filter set and accessories",£1169.00,In stock
https://i.jessops.com/ce-images/product/product_enlarged/adjixdn015367514.jpg,DJI Mini 2 Combo Drone,"Beginner friendly, powerful and lightweight drone,Super-portable - only weighs 249g,3-axis Gimbal with 4K camera,Up to 31 minutes flight time,Intelligent filight modes and Quickshot",£549.00,In stock
https://i.jessops.com/ce-images/product/product_enlarged/adjixdn015371522.jpg,DJI Air 2S Drone,"Compact and lightweight aerial powerhouse,20 MP 1-inch CMOS sensor,5.4K/30fps and 4K/60fps video,O3 Video Transmission,Shoot in RAW",£899.00,In stock
https://i.jessops.com/ce-images/product/product_enlarged/adjixdn015369396.jpg,DJI FPV Combo,"Immersive FPV flight experience,4K/60fps super-wide FOV,12MP camera with 1/2.3-inch CMOS sensor,RockSteady stabilisation,HD Low-Latency Transmission",£1249.00,In stock
https://i.jessops.com/ce-images/product/product_enlarged/adjixdn015364349.jpg,DJI Mavic Air 2 Drone,"The perfect Drone for both power and portability,1/2-Inch Image Sensor. 48MP Photo, 4K/60fps Video,HDR Photo, Video, and Panorama,APAS 3.0 Obstacle Avoidance,10km transmission distance",£749.00,Awaiting stock - available to order
https://i.jessops.com/ce-images/product/product_enlarged/adjixdn015373290.jpg,DJI Air 2S Fly More Combo with Smart Controller,"20 MP 1-inch CMOS sensor,5.4K/30fps and 4K/60fps video,Includes 2 extra batteries and charging hub,Shoulder bag,ND filter set and accessories",£1559.00,In stock.
https://i.jessops.com/ce-images/product/product_enlarged/adjixdn015364350.jpg,DJI Mavic Air 2 Fly More Combo Drone,"The perfect Drone for both power and portability,1/2-Inch sensor. 48MP Photo, 4K/60fps Video,HDR Photo, video, and panorama,Includes shoulder bag, ND filter set,Charging Hub and battery to power bank adapter",£939.00,In stock
https://i.jessops.com/ce-images/product/product_enlarged/adjixdn015339147.jpg,DJI Mavic 2 Pro Drone with Smart Controller,"Delivers stunning photo and video,Hasselblad Camera, 1-inch CMOS Sensor,31 Minute flight time,3-axis gimbal,DJI Smart Controller",£1579.00,In stock
https://i.jessops.com/ce-images/product/product_enlarged/aarcadn015280256.jpg,Arcade Orbit Drone,"Lightweight compact frame,Indoors and outdoors fun.,80-100 Metres flight distance,LED Light Display,Camera not included",£39.97,In stock.
